Model,F1 Improvement (%),ROC-AUC Improvement (%)
Random Forest,-52.498036513724685,1.2547393499275585
XGBoost,18.641386635330267,-0.03515982414068718
LightGBM,18.382041303845263,0.9755644857116709
