{
    "Random Forest": {
        "best_params": {
            "class_weight": "balanced_subsample",
            "criterion": "gini",
            "max_depth": null,
            "max_features": "sqrt",
            "min_samples_leaf": 2,
            "min_samples_split": 13,
            "n_estimators": 207
        },
        "cv_f1": 0.8587068592957117,
        "test_f1": 0.11410347271438696,
        "test_roc_auc": 0.6588723804586868,
        "tuning_time": 683.32386302948,
        "search_type": "RandomizedSearchCV",
        "n_iterations": 250
    },
    "XGBoost": {
        "best_params": {
            "colsample_bytree": 0.7,
            "gamma": 0.1,
            "learning_rate": 0.1,
            "max_depth": 9,
            "min_child_weight": 1,
            "n_estimators": 200,
            "subsample": 0.9
        },
        "cv_f1": 0.8576484043962495,
        "test_f1": 0.09604302727621974,
        "test_roc_auc": 0.6671635194171559,
        "tuning_time": 3566.287184238434,
        "search_type": "GridSearchCV",
        "n_iterations": 20736
    },
    "LightGBM": {
        "best_params": {
            "colsample_bytree": 0.6727299868828402,
            "learning_rate": 0.06502135295603015,
            "max_depth": 14,
            "min_child_samples": 31,
            "n_estimators": 285,
            "num_leaves": 108,
            "reg_alpha": 0.2912291401980419,
            "reg_lambda": 0.6118528947223795,
            "subsample": 0.6557975442608167
        },
        "cv_f1": 0.8584145224179951,
        "test_f1": 0.13616398243045388,
        "test_roc_auc": 0.6809163129659015,
        "tuning_time": 403.7460780143738,
        "search_type": "RandomizedSearchCV",
        "n_iterations": 250
    }
}