feature,missing_count,missing_percentage
weight,98569,96.85847925633315
medical_specialty,49949,49.08220820313268
payer_code,40256,39.5574160328597
race,2273,2.2335554114340743
diag_3,1423,1.398305917497003
diag_2,358,0.3517874339170253
diag_1,21,0.02063557573256294
