,encounter_id,patient_nbr,admission_type_id,discharge_disposition_id,admission_source_id,time_in_hospital,num_lab_procedures,num_procedures,num_medications,number_outpatient,number_emergency,number_inpatient,number_diagnoses
count,101766.0,101766.0,101766.0,101766.0,101766.0,101766.0,101766.0,101766.0,101766.0,101766.0,101766.0,101766.0,101766.0
mean,165201645.6229782,54330400.694947235,2.024006053102215,3.7156417664052825,5.754436648782501,4.395986871843248,43.09564098028811,1.339730361810428,16.021844230882614,0.36935715268360747,0.19783621248747127,0.635565906098304,7.422606764538254
std,102640295.98345716,38696359.3465342,1.4454028297561206,5.280165509299271,4.0640808342838985,2.985107767471267,19.674362249142124,1.705806979121159,8.127566209167284,1.267265096532678,0.9304722684224636,1.2628632900973236,1.9336001449974287
min,12522.0,135.0,1.0,1.0,1.0,1.0,1.0,0.0,1.0,0.0,0.0,0.0,1.0
25%,84961194.0,23413221.0,1.0,1.0,1.0,2.0,31.0,0.0,10.0,0.0,0.0,0.0,6.0
50%,152388987.0,45505143.0,1.0,1.0,7.0,4.0,44.0,1.0,15.0,0.0,0.0,0.0,8.0
75%,230270887.5,87545949.75,3.0,4.0,7.0,6.0,57.0,2.0,20.0,0.0,0.0,1.0,9.0
max,443867222.0,189502619.0,8.0,28.0,25.0,14.0,132.0,6.0,81.0,42.0,76.0,21.0,16.0
