{
    "Logistic Regression": {
        "cv_accuracy": {
            "mean": 0.6119877405761974,
            "std": 0.0042232111319981044
        },
        "cv_roc_auc": {
            "mean": 0.6518464652505509,
            "std": 0.006232669711271382
        },
        "train_metrics": {
            "accuracy": 0.6131430818769511,
            "precision": 0.5640864332603939,
            "recall": 0.5702790144622957,
            "f1": 0.5671658209919833,
            "roc_auc": 0.65303544548268
        },
        "test_metrics": {
            "accuracy": 0.6373194458091775,
            "precision": 0.16755561337322752,
            "recall": 0.5671510347864377,
            "f1": 0.25868648322956417,
            "roc_auc": 0.6529925016971866
        },
        "training_time": 2.7346949577331543
    },
    "Random Forest": {
        "cv_accuracy": {
            "mean": 0.812157340479458,
            "std": 0.005920896584270934
        },
        "cv_roc_auc": {
            "mean": 0.8836940747444706,
            "std": 0.0036228399902079283
        },
        "train_metrics": {
            "accuracy": 0.8307401125777352,
            "precision": 0.8333085236238054,
            "recall": 0.7739955202831623,
            "f1": 0.80255763275605,
            "roc_auc": 0.9029473379664759
        },
        "test_metrics": {
            "accuracy": 0.7989093052962563,
            "precision": 0.20763799743260591,
            "recall": 0.2848965213562307,
            "f1": 0.2402079079264897,
            "roc_auc": 0.650707694957054
        },
        "training_time": 5.852200984954834
    },
    "XGBoost": {
        "cv_accuracy": {
            "mean": 0.8833542414638229,
            "std": 0.0016071986850797638
        },
        "cv_roc_auc": {
            "mean": 0.9149171085983655,
            "std": 0.0009348617685051058
        },
        "train_metrics": {
            "accuracy": 0.8862178305434703,
            "precision": 0.9897695416317763,
            "recall": 0.7517628515333352,
            "f1": 0.8545025931164545,
            "roc_auc": 0.9294922619376493
        },
        "test_metrics": {
            "accuracy": 0.8862140119878157,
            "precision": 0.40963855421686746,
            "recall": 0.04491413474240423,
            "f1": 0.08095238095238096,
            "roc_auc": 0.6673981754419595
        },
        "training_time": 2.7159008979797363
    },
    "LightGBM": {
        "cv_accuracy": {
            "mean": 0.8855418855981201,
            "std": 0.0012519193755652477
        },
        "cv_roc_auc": {
            "mean": 0.9158961517561484,
            "std": 0.001351255870154187
        },
        "train_metrics": {
            "accuracy": 0.8887250202787405,
            "precision": 0.9809118325350363,
            "recall": 0.7645106877194923,
            "f1": 0.8592963262261454,
            "roc_auc": 0.9285755283351429
        },
        "test_metrics": {
            "accuracy": 0.8850840129704235,
            "precision": 0.40860215053763443,
            "recall": 0.06693086745926904,
            "f1": 0.11502080968596293,
            "roc_auc": 0.6743377137171173
        },
        "training_time": 6.471028089523315
    },
    "SVM": {
        "cv_accuracy": {
            "mean": 0.705564901244399,
            "std": 0.007097777361079943
        },
        "cv_roc_auc": {
            "mean": 0.7799573348381755,
            "std": 0.00538604891454958
        },
        "train_metrics": {
            "accuracy": 0.738109283976108,
            "precision": 0.6838275332904312,
            "recall": 0.7639852888311257,
            "f1": 0.7216874551035068,
            "roc_auc": 0.8188482697014601
        },
        "test_metrics": {
            "accuracy": 0.6692542006485211,
            "precision": 0.16604282078155413,
            "recall": 0.48833113166006165,
            "f1": 0.24782122905027934,
            "roc_auc": 0.6246424305089797
        },
        "training_time": 6896.927273035049
    }
}